,Date_time,Ws_avg,P_avg
1,2017-01-26T02:40:00+01:00,4.8499999,197.32001
2,2017-01-26T13:50:00+01:00,5.04,176.45
3,2017-01-26T15:00:00+01:00,5.3099999,190.61
4,2017-02-18T01:10:00+01:00,3.1500001,-2.8800001
5,2017-01-27T18:50:00+01:00,5.1999998,143.39999
6,2017-02-19T07:50:00+01:00,4.71,114.43
7,2017-01-28T13:00:00+01:00,4.6700001,72.779999
8,2017-01-28T13:20:00+01:00,4.6799998,110.45
9,2017-02-19T13:00:00+01:00,4.6399999,107.13
10,2017-01-28T15:30:00+01:00,5.5300002,250.60001
11,2017-02-08T09:40:00+01:00,2.21,-1.87
12,2017-02-08T12:10:00+01:00,2.3199999,-3.6700001
13,2017-02-17T19:40:00+01:00,2.8599999,-3.8099999
14,2017-02-18T02:40:00+01:00,2.79,-2.9300001
15,2017-02-18T03:30:00+01:00,2.77,-3.1600001
16,2017-02-18T11:20:00+01:00,5.3200002,179.89999
17,2017-02-09T19:10:00+01:00,6.3200002,464.79001
18,2017-02-09T20:50:00+01:00,5.5500002,288.31
19,2017-02-09T23:50:00+01:00,5.1700001,195.39
20,2017-02-19T00:50:00+01:00,0.0,-1.49
21,2017-02-10T03:50:00+01:00,4.8099999,132.96001
22,2017-02-10T10:00:00+01:00,1.52,-8.7299995
23,2017-02-10T20:50:00+01:00,4.2600002,46.34
24,2017-02-10T23:50:00+01:00,2.53,-5.9899998
25,2017-02-20T01:50:00+01:00,5.4000001,141.24001
26,2017-02-20T10:40:00+01:00,5.3000002,-4.5700002
27,2017-02-20T16:00:00+01:00,7.0700002,654.73999
28,2017-02-20T17:50:00+01:00,7.1799998,623.82001
29,2017-02-11T16:50:00+01:00,0.0,-3.28
30,2017-02-12T03:40:00+01:00,3.0699999,-4.8200002
31,2017-02-19T15:00:00+01:00,6.1500001,374.23999
32,2017-02-13T06:00:00+01:00,10.13,1589.01
33,2017-02-13T07:30:00+01:00,9.1000004,1263.53
34,2017-02-13T14:10:00+01:00,8.4399996,1080.26
35,2017-02-14T08:30:00+01:00,5.0900002,207.17
36,2017-02-21T19:00:00+01:00,5.6700001,244.08
37,2017-02-14T11:00:00+01:00,4.5500002,85.290001
38,2017-02-20T18:10:00+01:00,7.7800002,780.84003
39,2017-02-20T18:30:00+01:00,8.6899996,1014.05
40,2017-02-21T03:50:00+01:00,6.9899998,584.26001
41,2017-02-21T12:20:00+01:00,7.2800002,690.16998
42,2017-02-21T23:10:00+01:00,8.1400003,879.54999
43,2017-02-22T02:40:00+01:00,8.3699999,889.40002
44,2017-02-22T06:40:00+01:00,10.22,1372.25
45,2017-02-22T08:50:00+01:00,9.1700001,1185.11
46,2017-01-30T04:40:00+01:00,6.5500002,511.14001
47,2017-01-30T07:50:00+01:00,7.2199998,597.65002
48,2017-02-23T10:00:00+01:00,9.46,1250.24
49,2017-02-23T17:00:00+01:00,10.93,1545.15
50,2017-02-23T17:20:00+01:00,11.46,1652.02
51,2017-02-24T05:50:00+01:00,6.1100001,357.91
52,2017-10-18T19:40:00+02:00,4.66,118.4
53,2017-01-31T11:50:00+01:00,4.8200002,131.89
54,2017-03-15T13:10:00+01:00,3.76,17.48
55,2017-02-24T09:50:00+01:00,5.5,221.42999
56,2017-03-10T12:00:00+01:00,2.48,-0.14
57,2017-02-24T22:50:00+01:00,2.5799999,-2.6099999
58,2017-01-31T16:50:00+01:00,2.25,-0.54000002
59,2017-01-31T21:20:00+01:00,1.72,-1.51
60,2017-03-16T03:10:00+01:00,6.6900001,482.78
61,2017-02-01T03:00:00+01:00,4.3899999,49.669998
62,2017-10-19T00:10:00+02:00,5.49,260.16
63,2017-02-01T04:10:00+01:00,1.27,5.6799998
64,2017-03-11T05:00:00+01:00,3.6700001,48.009998
65,2017-02-25T08:30:00+01:00,0.7599999900000001,-1.83
66,2017-02-01T10:10:00+01:00,4.9200001,139.05
67,2017-02-25T10:00:00+01:00,1.24,-1.63
68,2017-03-11T14:50:00+01:00,4.1700001,54.970001
69,2017-02-25T14:10:00+01:00,4.3499999,32.919998
70,2017-03-12T18:20:00+01:00,4.5700002,66.68
71,2017-02-01T20:10:00+01:00,5.98,379.57999
72,2017-01-31T23:20:00+01:00,2.3399999,-1.8200001
73,2017-02-01T23:50:00+01:00,4.9400001,127.43
74,2017-10-19T04:30:00+02:00,5.24,133.28
75,2017-02-02T01:10:00+01:00,4.8499999,88.580002
76,2017-02-02T02:10:00+01:00,5.7199998,262.64001
77,2017-02-02T04:00:00+01:00,4.8200002,140.96001
78,2017-10-19T08:10:00+02:00,7.64,646.09
79,2017-02-26T03:50:00+01:00,5.5900002,268.84
80,2017-03-15T08:50:00+01:00,4.6100001,100.86
81,2017-02-26T22:00:00+01:00,5.6500001,262.45001
82,2017-03-17T18:40:00+01:00,6.4400001,412.98001
83,2017-02-03T03:50:00+01:00,6.0500002,254.3
84,2017-01-27T15:20:00+01:00,4.98,143.38
85,2017-02-15T06:40:00+01:00,6.02,305.89001
86,2017-03-18T09:30:00+01:00,9.4300003,1247.03
87,2017-02-15T07:20:00+01:00,5.6300001,243.8
88,2017-01-27T20:10:00+01:00,4.3699999,59.029999
89,2017-02-05T19:10:00+01:00,0.0,-1.48
90,2017-03-20T11:00:00+01:00,7.1199999,649.78998
91,2017-02-16T00:30:00+01:00,6.6199999,454.81
92,2017-03-21T06:40:00+01:00,6.3000002,455.26001
93,2017-02-16T06:20:00+01:00,2.5799999,-2.6400001
94,2017-03-21T14:20:00+01:00,6.02,246.08
95,2017-02-06T17:30:00+01:00,0.7599999900000001,-2.27
96,2017-02-01T19:40:00+01:00,5.8400002,297.66
97,2017-02-06T19:40:00+01:00,3.1600001,11.06
98,2017-03-21T18:30:00+01:00,0.0,-3.3299999
99,2017-02-16T19:40:00+01:00,3.3499999,18.43
100,2017-02-06T14:30:00+01:00,0.13,-0.16
101,2017-02-07T03:00:00+01:00,2.3199999,-2.8900001
102,2017-10-20T00:10:00+02:00,9.83,1232.78
103,2017-02-23T08:40:00+01:00,10.04,1306.4399
104,2017-03-22T18:30:00+01:00,2.4000001,-0.94999999
105,2017-02-07T07:00:00+01:00,4.9000001,108.39
106,2017-10-20T01:30:00+02:00,6.09,332.93
107,2017-02-23T10:10:00+01:00,9.6800003,1294.73
108,2017-10-20T03:00:00+02:00,6.89,580.86
109,2017-02-17T05:20:00+01:00,4.9499998,139.05
110,2017-02-04T12:00:00+01:00,10.28,1490.0699
111,2017-02-23T19:20:00+01:00,9.79,1266.35
112,2017-10-20T04:50:00+02:00,7.11,609.82
113,2017-02-23T21:20:00+01:00,9.75,1230.8101
114,2017-03-23T16:40:00+01:00,8.1899996,909.97998
115,2017-02-27T01:00:00+01:00,6.8800001,549.92999
116,2017-02-06T18:30:00+01:00,4.3299999,70.580002
117,2017-02-27T02:50:00+01:00,6.5500002,464.39001
118,2017-10-20T08:40:00+02:00,8.16,747.48
119,2017-02-27T04:30:00+01:00,6.0700002,342.26001
120,2017-02-02T19:00:00+01:00,7.98,916.59003
121,2017-02-17T21:40:00+01:00,4.5700002,92.669998
122,2017-10-20T16:40:00+02:00,5.74,299.96
123,2017-02-08T02:40:00+01:00,3.9200001,45.279999
124,2017-02-04T22:50:00+01:00,5.96,352.54999
125,2017-02-28T02:10:00+01:00,8.2299995,823.64001
126,2017-10-20T17:10:00+02:00,6.32,491.79
127,2017-02-28T20:10:00+01:00,9.6999998,1307.78
128,2017-10-20T22:40:00+02:00,8.6,1147.43
129,2017-02-28T23:00:00+01:00,10.43,1452.41
130,2017-02-03T10:50:00+01:00,6.0500002,346.42001
131,2017-03-01T00:50:00+01:00,10.52,1528.95
132,2017-10-20T23:00:00+02:00,8.44,1108.83
133,2017-03-01T06:30:00+01:00,9.5100002,1239.77
134,2017-02-09T06:30:00+01:00,6.5,477.70999
135,2017-03-01T13:40:00+01:00,10.89,1462.0
136,2017-10-21T02:40:00+02:00,9.19,0.0
137,2017-03-01T22:20:00+01:00,10.27,1296.76
138,2017-10-21T11:10:00+02:00,10.33,1335.24
139,2017-03-01T22:30:00+01:00,10.71,1477.48
140,2017-02-27T14:30:00+01:00,8.3999996,980.5
141,2017-03-03T10:20:00+01:00,7.8800001,825.72998
142,2017-02-04T08:40:00+01:00,11.02,1643.91
143,2017-03-03T16:00:00+01:00,13.0,1919.72
144,2017-10-21T20:50:00+02:00,7.44,787.48
145,2017-03-03T21:40:00+01:00,13.66,1997.45
146,2017-03-25T11:20:00+01:00,10.23,1357.03
147,2017-03-03T23:30:00+01:00,14.16,1983.59
148,2017-02-08T11:10:00+01:00,0.68000001,-0.49000001
149,2017-03-04T01:00:00+01:00,12.17,1829.41
150,2017-02-27T22:50:00+01:00,9.4700003,1099.46
151,2017-03-04T07:00:00+01:00,4.6399999,128.96001
152,2017-10-22T04:50:00+02:00,9.81,0.0
153,2017-02-03T10:00:00+01:00,5.9400001,296.66
154,2017-10-22T05:40:00+02:00,10.43,1335.25
155,2017-02-03T17:20:00+01:00,9.2200003,1062.25
156,2017-10-22T08:50:00+02:00,10.29,1290.84
157,2017-03-04T16:10:00+01:00,7.9699998,844.81
158,2017-02-08T22:20:00+01:00,4.1700001,56.48
159,2017-03-04T23:10:00+01:00,7.9699998,837.77002
160,2017-02-28T12:50:00+01:00,14.88,2028.22
161,2017-02-03T23:50:00+01:00,7.6999998,860.13
162,2017-02-10T06:20:00+01:00,4.3000002,65.699997
163,2017-02-04T10:10:00+01:00,9.6999998,1261.1899
164,2017-03-26T03:50:00+02:00,4.77,139.64
165,2017-03-05T14:50:00+01:00,12.93,1957.6801
166,2017-02-28T17:40:00+01:00,6.25,419.01001
167,2017-03-05T15:40:00+01:00,9.3000002,1205.5601
168,2017-02-09T16:30:00+01:00,6.4000001,432.97
169,2017-02-05T00:20:00+01:00,6.5900002,487.51999
170,2017-10-22T11:50:00+02:00,8.16,956.18
171,2017-03-06T06:50:00+01:00,7.1799998,543.34003
172,2017-03-27T01:10:00+02:00,3.47,11.48
173,2017-02-05T11:00:00+01:00,5.6900001,233.14999
174,2017-02-11T10:20:00+01:00,0.0,-0.25999999
175,2017-03-06T10:00:00+01:00,5.3200002,201.27
176,2017-03-27T10:50:00+02:00,4.8600001,80.480003
177,2017-03-06T14:10:00+01:00,0.0,-2.04
178,2017-02-11T11:30:00+01:00,0.0,-0.94
179,2017-02-05T23:10:00+01:00,4.8699999,143.72
180,2017-02-09T12:30:00+01:00,6.9299998,603.37
181,2017-03-07T04:50:00+01:00,5.1300001,162.33
182,2017-02-10T00:50:00+01:00,5.5700002,233.53999
183,2017-03-07T12:50:00+01:00,6.3000002,374.91
184,2017-10-25T08:50:00+02:00,4.23,32.53
185,2017-02-07T06:50:00+01:00,5.4000001,192.78
186,2017-10-25T09:10:00+02:00,4.82,118.55
187,2017-03-08T13:40:00+01:00,6.9000001,602.21997
188,2017-10-25T11:40:00+02:00,4.3,53.57
189,2017-02-24T10:10:00+01:00,6.1100001,310.20999
190,2017-10-25T12:00:00+02:00,4.7,77.87
191,2017-02-18T04:30:00+01:00,3.8699999,22.27
192,2017-04-28T08:40:00+02:00,4.1999998,49.66
193,2017-02-18T06:50:00+01:00,3.79,21.51
194,2017-04-08T06:30:00+02:00,2.5599999,-4.48
195,2017-03-08T19:30:00+01:00,8.3500004,971.41998
196,2017-10-31T23:50:00+01:00,2.5700000000000003,0.0
197,2017-03-09T00:00:00+01:00,8.5699997,983.76001
198,2017-11-01T00:20:00+01:00,2.21,0.0
199,2017-03-09T05:40:00+01:00,7.8699999,789.65002
200,2017-03-07T03:10:00+01:00,5.5599999,228.39999
201,2017-03-09T09:40:00+01:00,8.1599998,849.44
202,2017-11-01T04:20:00+01:00,0.88,0.0
203,2017-06-03T13:20:00+02:00,6.06,238.14
204,2017-05-05T19:50:00+02:00,6.6900001,547.77002
205,2017-06-03T13:50:00+02:00,6.52,376.51
206,2017-03-07T15:20:00+01:00,5.3000002,230.62
207,2017-06-03T14:20:00+02:00,5.94,253.88
208,2017-11-01T05:40:00+01:00,4.67,85.05
209,2017-06-03T15:00:00+02:00,5.91,276.51
210,2017-03-29T06:20:00+02:00,5.1199999,125.66
211,2017-06-03T15:20:00+02:00,5.0,108.67
212,2017-11-01T10:00:00+01:00,2.48,0.0
213,2017-06-03T16:50:00+02:00,5.43,179.39
214,2017-05-06T08:00:00+02:00,2.5,-0.83999997
215,2017-06-03T21:20:00+02:00,6.14,307.64
216,2017-03-17T13:40:00+01:00,5.9200001,391.56
217,2017-06-03T22:30:00+02:00,7.36,582.39
218,2017-03-30T05:40:00+02:00,5.3299999,181.09
219,2017-06-04T00:10:00+02:00,8.27,923.15
220,2017-03-08T20:20:00+01:00,9.6099997,1222.6801
221,2017-06-04T00:50:00+02:00,7.66,736.29
222,2017-03-30T18:50:00+02:00,5.6900001,140.78999
223,2017-06-04T01:20:00+02:00,10.33,1469.09
224,2017-03-30T19:50:00+02:00,5.4499998,151.52
225,2017-06-04T02:40:00+02:00,7.74,809.61
226,2017-03-30T20:20:00+02:00,5.5599999,177.83
227,2017-06-04T03:50:00+02:00,8.25,984.98
228,2017-03-31T01:30:00+02:00,8.5200005,1012.96
229,2017-06-04T04:50:00+02:00,8.02,921.69
230,2017-03-31T07:20:00+02:00,6.29,403.20001
231,2017-06-04T05:20:00+02:00,7.63,766.79
232,2017-03-31T14:30:00+02:00,6.6399999,411.09
233,2017-06-04T06:30:00+02:00,6.88,583.2
234,2017-05-05T10:30:00+02:00,3.96,28.5
235,2017-06-04T08:40:00+02:00,6.99,538.56
236,2017-04-01T04:50:00+02:00,0.54000002,-1.59
237,2017-06-04T09:20:00+02:00,5.66,252.42
238,2017-02-14T21:50:00+01:00,5.29,150.82001
239,2017-06-04T09:40:00+02:00,5.33,164.86
240,2017-04-01T21:10:00+02:00,4.6500001,66.559998
241,2017-06-04T10:20:00+02:00,5.16,134.34
242,2017-05-06T07:30:00+02:00,2.8099999,6.3400002
243,2017-06-04T14:10:00+02:00,2.63,0.0
244,2017-03-09T11:00:00+01:00,7.550000199999999,627.88
245,2017-06-04T14:40:00+02:00,4.92,73.67
246,2017-04-02T09:50:00+02:00,3.3399999,-1.02
247,2017-06-04T16:10:00+02:00,3.01,0.0
248,2017-04-02T10:30:00+02:00,4.21,40.400002
249,2017-06-04T17:10:00+02:00,1.4,0.0
250,2017-04-30T13:10:00+02:00,8.3500004,856.06
251,2017-06-04T17:20:00+02:00,3.51,11.88
252,2017-04-02T15:00:00+02:00,6.6300001,416.06
253,2017-06-04T18:10:00+02:00,4.13,44.46
254,2017-03-18T23:10:00+01:00,8.9300003,940.88
255,2017-06-04T19:00:00+02:00,3.17,3.73
256,2017-05-07T15:20:00+02:00,6.25,412.10999
257,2017-06-04T19:10:00+02:00,2.81,0.0
258,2017-05-07T22:40:00+02:00,6.4000001,423.79001
259,2017-06-04T19:20:00+02:00,3.75,15.06
260,2017-03-12T03:30:00+01:00,4.27,66.639999
261,2017-06-04T19:30:00+02:00,3.87,26.47
262,2017-03-12T09:00:00+01:00,4.9499998,84.75
263,2017-06-04T20:10:00+02:00,3.0,3.42
264,2017-02-20T19:40:00+01:00,7.0900002,724.22998
265,2017-06-04T21:10:00+02:00,3.92,20.65
266,2017-02-21T02:10:00+01:00,7.4200001,795.17999
267,2017-06-05T00:20:00+02:00,2.69,0.0
268,2017-03-13T05:00:00+01:00,6.6900001,518.0
269,2017-06-05T03:10:00+02:00,1.6800000000000002,0.0
270,2017-05-08T18:10:00+02:00,1.38,-5.6100001
271,2017-06-05T04:10:00+02:00,3.74,0.6000000000000001
272,2017-03-13T09:20:00+01:00,2.01,-2.9400001
273,2017-06-05T06:00:00+02:00,2.68,0.0
274,2017-05-13T17:20:00+02:00,4.73,110.53
275,2017-06-05T15:30:00+02:00,,
276,2017-03-14T17:30:00+01:00,5.5100002,122.07
277,2017-06-05T15:40:00+02:00,,
278,2017-03-15T01:50:00+01:00,5.1199999,161.82001
279,2017-06-05T16:20:00+02:00,,
280,2017-02-21T12:20:00+01:00,7.3200002,630.06
281,2017-06-05T21:30:00+02:00,,
282,2017-03-16T02:40:00+01:00,6.5599999,545.85999
283,2017-06-05T22:20:00+02:00,,
284,2017-03-16T06:40:00+01:00,6.8600001,575.58002
285,2017-06-05T22:30:00+02:00,,
286,2017-03-16T10:30:00+01:00,2.3699999,-1.3
287,2017-06-06T00:50:00+02:00,8.69,1100.28
288,2017-03-18T08:10:00+01:00,11.23,1594.98
289,2017-06-06T02:10:00+02:00,7.2,639.85
290,2017-03-18T20:50:00+01:00,10.35,1355.76
291,2017-06-06T02:50:00+02:00,7.2,575.34
292,2017-02-23T12:20:00+01:00,11.83,1765.36
293,2017-06-06T05:00:00+02:00,10.49,1161.2
294,2017-03-19T21:50:00+01:00,7.4099998,739.54999
295,2017-06-06T06:50:00+02:00,9.09,1012.48
296,2017-05-11T11:30:00+02:00,9.7600002,-0.57999998
297,2017-06-06T08:50:00+02:00,12.77,1881.03
298,2017-02-24T22:50:00+01:00,2.45,-0.94
299,2017-06-06T11:30:00+02:00,12.4,1852.72
300,2017-03-21T15:50:00+01:00,8.8900003,1099.36
301,2017-06-06T11:50:00+02:00,10.12,1284.6
302,2017-05-12T11:20:00+02:00,5.48,-1.16
303,2017-06-06T12:40:00+02:00,11.85,1728.3
304,2017-05-12T23:50:00+02:00,5.5700002,222.66
305,2017-06-06T12:50:00+02:00,12.4,1729.92
306,2017-04-15T15:20:00+02:00,6.0500002,305.34
307,2017-06-06T13:50:00+02:00,14.82,1879.35
308,2017-03-22T23:50:00+01:00,5.8299999,233.19
309,2017-06-06T15:00:00+02:00,10.27,1438.77
310,2017-05-13T02:40:00+02:00,3.99,40.009998
311,2017-06-06T15:50:00+02:00,9.32,1148.25
312,2017-03-23T10:10:00+01:00,5.8600001,272.59
313,2017-06-06T17:40:00+02:00,7.46,649.2
314,2017-04-16T03:40:00+02:00,3.98,53.119999
315,2017-06-06T18:10:00+02:00,7.89,760.96
316,2017-03-24T04:10:00+01:00,6.27,386.35999
317,2017-06-06T19:40:00+02:00,5.58,245.33
318,2017-03-24T10:00:00+01:00,6.0700002,416.57999
319,2017-05-15T01:20:00+02:00,1.01,0.0
320,2017-04-12T23:10:00+02:00,4.73,150.78999
321,2017-05-15T01:50:00+02:00,2.28,0.0
322,2017-03-24T13:40:00+01:00,8.7399998,1213.17
323,2017-05-15T02:10:00+02:00,1.14,0.0
324,2017-05-12T06:50:00+02:00,4.3899999,81.540001
325,2017-05-15T06:00:00+02:00,2.14,0.0
326,2017-03-25T12:10:00+01:00,11.62,1773.83
327,2017-05-15T07:10:00+02:00,0.99,0.0
328,2017-04-13T15:00:00+02:00,5.8299999,256.98999
329,2017-05-15T07:20:00+02:00,1.67,0.0
330,2017-03-27T01:30:00+02:00,4.6199999,94.220001
331,2017-05-15T08:50:00+02:00,0.09,0.0
332,2017-04-28T03:50:00+02:00,6.2800002,398.28
333,2017-05-15T10:30:00+02:00,2.28,0.0
334,2017-05-13T14:20:00+02:00,6.9200001,546.19
335,2017-05-15T11:20:00+02:00,0.76,0.0
336,2017-04-15T11:20:00+02:00,7.8699999,856.85999
337,2017-05-15T15:00:00+02:00,1.22,0.0
338,2017-03-29T09:30:00+02:00,4.5100002,69.169998
339,2017-05-15T16:10:00+02:00,2.1,0.0
340,2017-04-29T02:30:00+02:00,4.27,44.400002
341,2017-05-15T17:40:00+02:00,1.63,0.0
342,2017-03-29T18:10:00+02:00,2.54,-0.11
343,2017-05-15T17:50:00+02:00,1.06,0.0
344,2017-04-29T06:30:00+02:00,0.95999998,-0.34
345,2017-05-18T11:30:00+02:00,4.47,76.44
346,2017-04-15T17:00:00+02:00,4.4400001,66.959999
347,2017-05-18T13:00:00+02:00,2.69,0.0
348,2017-04-03T10:50:00+02:00,4.71,75.580002
349,2017-05-18T13:20:00+02:00,3.56,6.59
350,2017-04-15T19:10:00+02:00,5.52,217.53999
351,2017-05-18T13:30:00+02:00,4.25,44.22
352,2017-04-05T11:50:00+02:00,4.98,97.980003
353,2017-05-18T14:00:00+02:00,2.47,0.0
354,2017-04-16T21:40:00+02:00,5.48,165.7
355,2017-05-18T16:00:00+02:00,5.36,125.83
356,2017-04-05T20:20:00+02:00,5.5700002,207.66
357,2017-05-18T16:40:00+02:00,5.1,121.46
358,2017-04-30T11:50:00+02:00,9.9099998,1280.29
359,2017-05-18T17:00:00+02:00,5.25,125.9
360,2017-04-06T06:10:00+02:00,6.0799999,372.44
361,2017-05-18T19:00:00+02:00,6.24,185.8
362,2017-04-06T18:00:00+02:00,4.8899999,130.82001
363,2017-05-18T19:30:00+02:00,6.84,502.51
364,2017-04-17T15:10:00+02:00,6.75,501.07001
365,2017-05-18T20:40:00+02:00,7.07,562.82
366,2017-04-10T00:20:00+02:00,3.8199999,24.9
367,2017-05-18T22:00:00+02:00,6.93,506.78
368,2017-04-17T22:50:00+02:00,5.8299999,284.47
369,2017-05-18T23:50:00+02:00,7.56,733.27
370,2017-04-10T15:20:00+02:00,8.4399996,927.01001
371,2017-05-19T03:00:00+02:00,6.62,532.49
372,2017-03-01T00:50:00+01:00,12.48,1934.29
373,2017-05-19T06:40:00+02:00,5.82,217.43
374,2017-04-11T08:20:00+02:00,4.6199999,89.0
375,2017-05-19T07:20:00+02:00,6.58,500.87
376,2017-05-01T09:30:00+02:00,6.0100002,346.48999
377,2017-05-19T08:50:00+02:00,6.95,477.33
378,2017-04-12T07:30:00+02:00,2.79,0.0
379,2017-05-19T11:30:00+02:00,5.8100000000000005,246.57
380,2017-03-01T16:40:00+01:00,10.97,1591.91
381,2017-05-19T13:30:00+02:00,4.84,117.62
382,2017-04-12T17:10:00+02:00,7.1700001,578.19
383,2017-05-19T13:40:00+02:00,5.11,152.63
384,2017-05-02T07:00:00+02:00,0.0,-0.11
385,2017-05-19T14:30:00+02:00,4.95,150.47
386,2017-04-15T03:30:00+02:00,4.5500002,78.160004
387,2017-05-19T14:40:00+02:00,3.74,52.33
388,2017-04-19T13:10:00+02:00,6.4000001,431.14999
389,2017-05-19T16:40:00+02:00,6.94,534.12
390,2017-04-17T02:40:00+02:00,7.2600002,752.97998
391,2017-05-19T16:50:00+02:00,5.82,302.14
392,2017-04-19T22:20:00+02:00,6.2600002,405.20999
393,2017-05-19T17:40:00+02:00,4.8,92.08
394,2017-04-17T07:50:00+02:00,7.1700001,626.12
395,2017-05-19T18:50:00+02:00,4.29,42.07
396,2017-04-20T01:50:00+02:00,6.5700002,536.57001
397,2017-05-19T21:10:00+02:00,5.74,270.63
398,2017-04-18T16:40:00+02:00,7.9400001,882.53003
399,2017-05-19T23:50:00+02:00,5.15,150.43
400,2017-04-20T16:40:00+02:00,4.46,61.740002
401,2017-05-20T06:20:00+02:00,5.7,265.43
402,2017-04-19T05:50:00+02:00,6.5599999,546.88
403,2017-05-20T06:40:00+02:00,5.5600000000000005,241.81
404,2017-04-21T02:10:00+02:00,1.92,-2.8
405,2017-05-20T08:20:00+02:00,4.8,124.12
406,2017-04-21T12:20:00+02:00,3.28,7.27
407,2017-05-20T20:50:00+02:00,4.45,73.36
408,2017-05-04T18:20:00+02:00,3.6099999,8.9499998
409,2017-05-21T02:20:00+02:00,0.0,0.0
410,2017-04-23T15:10:00+02:00,4.6399999,102.45
411,2017-05-21T03:50:00+02:00,3.12,0.0
412,2017-05-05T15:00:00+02:00,5.3400002,177.57001
413,2017-05-21T04:50:00+02:00,3.93,32.59
414,2017-04-24T16:20:00+02:00,4.1500001,33.299999
415,2017-05-21T08:30:00+02:00,5.22,157.41
416,2017-05-01T02:30:00+02:00,6.8800001,533.59998
417,2017-05-21T10:20:00+02:00,5.18,98.05
418,2017-05-01T04:30:00+02:00,7.23,677.31
419,2017-05-21T11:30:00+02:00,5.23,67.96
420,2017-04-25T00:20:00+02:00,4.8099999,109.83
421,2017-05-21T13:00:00+02:00,3.62,21.63
422,2017-05-08T04:50:00+02:00,5.4400001,247.34
423,2017-05-21T13:50:00+02:00,4.63,55.58
424,2017-04-25T06:30:00+02:00,6.04,369.70999
425,2017-05-21T16:20:00+02:00,3.47,3.3
426,2017-04-28T03:00:00+02:00,6.4000001,529.56
427,2017-05-21T17:30:00+02:00,4.49,74.87
428,2017-04-26T10:30:00+02:00,2.03,-0.31999999
429,2017-05-21T18:30:00+02:00,5.23,147.95
430,2017-05-06T11:20:00+02:00,5.79,286.41
431,2017-05-21T18:40:00+02:00,5.53,209.61
432,2017-04-27T16:10:00+02:00,2.8,-3.26
433,2017-05-21T19:50:00+02:00,5.66,230.38
434,2017-04-28T20:50:00+02:00,5.7600002,259.70001
435,2017-05-21T21:40:00+02:00,5.47,201.87
436,2017-04-28T02:00:00+02:00,6.6399999,466.73001
437,2017-05-22T01:20:00+02:00,4.88,133.03
438,2017-05-07T00:10:00+02:00,6.21,372.10999
439,2017-05-22T01:30:00+02:00,4.84,132.72
440,2017-03-24T03:30:00+01:00,4.7399998,105.42
441,2017-05-22T01:50:00+02:00,5.02,160.01
442,2017-05-07T07:40:00+02:00,5.3000002,186.59
443,2017-05-22T02:40:00+02:00,5.37,178.44
444,2017-03-17T09:20:00+01:00,6.3600001,348.98001
445,2017-05-22T03:50:00+02:00,4.85,96.93
446,2017-04-29T23:10:00+02:00,5.9299998,298.20001
447,2017-05-22T05:00:00+02:00,4.8,111.49
448,2017-03-24T13:00:00+01:00,8.1099997,871.44
449,2017-05-22T07:00:00+02:00,1.69,0.0
450,2017-03-17T13:40:00+01:00,5.5999999,204.64999
451,2017-05-17T11:20:00+02:00,4.84,83.44
452,2017-05-07T20:20:00+02:00,6.4499998,444.10999
453,2017-05-17T11:50:00+02:00,5.85,211.89
454,2017-03-18T07:00:00+01:00,10.57,1430.1801
455,2017-05-17T13:50:00+02:00,5.8100000000000005,222.74
456,2017-05-03T13:50:00+02:00,1.78,-0.99000001
457,2017-05-17T14:50:00+02:00,5.44,125.77
458,2017-05-13T19:40:00+02:00,6.8699999,530.78003
459,2017-05-17T16:20:00+02:00,6.51,301.43
460,2017-04-30T21:20:00+02:00,5.71,235.46001
461,2017-05-17T16:50:00+02:00,5.33,177.77
462,2017-05-04T03:00:00+02:00,2.77,-3.8
463,2017-05-17T17:40:00+02:00,5.24,167.77
464,2017-04-15T08:40:00+02:00,5.0599999,110.99
465,2017-05-17T18:40:00+02:00,5.82,222.35
466,2017-03-26T09:40:00+02:00,4.8600001,97.220001
467,2017-05-17T19:30:00+02:00,6.55,387.47
468,2017-04-15T21:00:00+02:00,6.1599998,419.34
469,2017-05-17T20:00:00+02:00,6.68,507.84
470,2017-03-26T19:30:00+02:00,4.9899998,92.239998
471,2017-05-17T21:00:00+02:00,7.0,525.28
472,2017-05-09T08:40:00+02:00,4.8299999,118.98
473,2017-05-17T22:40:00+02:00,7.24,654.89
474,2017-04-16T19:00:00+02:00,5.3099999,133.64999
475,2017-05-17T23:30:00+02:00,8.23,845.36
476,2017-04-17T16:20:00+02:00,6.6999998,495.59
477,2017-05-17T23:40:00+02:00,9.31,1197.89
478,2017-05-09T09:00:00+02:00,5.1100001,149.16
479,2017-05-18T01:50:00+02:00,6.74,485.25
480,2017-04-18T12:40:00+02:00,5.6500001,200.63
481,2017-05-18T02:00:00+02:00,5.36,178.15
482,2017-03-27T04:50:00+02:00,4.73,176.89
483,2017-05-18T03:20:00+02:00,5.35,197.44
484,2017-04-19T00:10:00+02:00,6.8000002,602.90997
485,2017-05-18T03:30:00+02:00,4.98,146.98
486,2017-05-01T18:20:00+02:00,4.6300001,69.660004
487,2017-05-18T03:40:00+02:00,4.78,109.07
488,2017-04-19T09:00:00+02:00,5.4899998,215.38
489,2017-05-18T04:50:00+02:00,4.85,85.45
490,2017-05-04T13:20:00+02:00,4.21,48.939999
491,2017-05-18T07:10:00+02:00,5.67,223.29
492,2017-04-12T09:40:00+02:00,5.5900002,171.67999
493,2017-05-18T09:00:00+02:00,4.29,32.99
494,2017-04-21T08:00:00+02:00,0.0,-1.3099999
495,2017-05-18T13:50:00+02:00,2.6,1.98
496,2017-04-12T10:20:00+02:00,5.4400001,163.39
497,2017-05-18T14:10:00+02:00,3.63,10.98
498,2017-04-21T12:10:00+02:00,4.1999998,24.209999
499,2017-05-18T15:20:00+02:00,6.17,332.76
500,2017-03-27T08:20:00+02:00,4.7399998,123.19
501,2017-05-18T17:50:00+02:00,4.18,39.24
502,2017-04-22T07:50:00+02:00,3.71,21.65
503,2017-05-18T18:10:00+02:00,3.58,5.51
504,2017-05-10T04:10:00+02:00,5.2800002,181.78
505,2017-05-18T18:50:00+02:00,5.01,108.87
506,2017-04-24T03:00:00+02:00,5.3499999,208.37
507,2017-05-18T23:20:00+02:00,9.41,1270.03
508,2017-03-18T17:20:00+01:00,7.96,822.06
509,2017-05-19T06:40:00+02:00,5.11,204.67
510,2017-05-14T15:20:00+02:00,5.4699998,231.61
511,2017-05-19T06:50:00+02:00,5.37,203.94
512,2017-05-02T02:10:00+02:00,3.6500001,26.16
513,2017-05-19T07:00:00+02:00,5.52,269.41
514,2017-03-28T06:50:00+02:00,5.3899999,183.66
515,2017-05-19T10:10:00+02:00,5.72,266.82
516,2017-03-19T21:40:00+01:00,6.3899999,442.54001
517,2017-05-19T11:10:00+02:00,5.59,226.12
518,2017-05-02T11:00:00+02:00,2.8599999,-2.0999999
519,2017-05-19T11:30:00+02:00,5.39,201.85
520,2017-05-02T12:30:00+02:00,0.36000001,-0.14
521,2017-05-19T12:40:00+02:00,5.63,200.82
522,2017-03-27T00:40:00+02:00,2.8699999,4.1399999
523,2017-05-19T13:00:00+02:00,5.25,139.96
524,2017-04-24T03:50:00+02:00,5.1900001,144.56
525,2017-05-19T15:00:00+02:00,3.49,2.56
526,2017-03-27T08:10:00+02:00,4.7399998,95.18
527,2017-05-19T16:20:00+02:00,7.41,728.99
528,2017-04-25T07:20:00+02:00,4.4000001,70.75
529,2017-05-19T17:50:00+02:00,4.32,44.99
530,2017-03-27T11:40:00+02:00,5.0500002,121.05
531,2017-05-19T18:30:00+02:00,5.97,335.57
532,2017-03-27T13:10:00+02:00,4.3499999,60.310001
533,2017-05-19T18:40:00+02:00,5.42,192.23
534,2017-04-25T23:20:00+02:00,2.5699999,-1.1
535,2017-05-19T21:20:00+02:00,6.52,516.01
536,2017-04-25T07:20:00+02:00,4.8299999,114.8
537,2017-05-19T22:00:00+02:00,5.71,195.95
538,2017-04-26T01:00:00+02:00,0.25999999,-0.12
539,2017-05-20T00:20:00+02:00,5.75,292.6
540,2017-03-21T18:50:00+01:00,0.0,-4.9400001
541,2017-05-20T00:50:00+02:00,6.27,424.09
542,2017-04-26T04:10:00+02:00,3.72,24.860001
543,2017-05-20T01:40:00+02:00,6.58,455.62
544,2017-03-21T21:50:00+01:00,0.87,-2.1800001
545,2017-05-20T02:10:00+02:00,5.64,270.42
546,2017-04-26T11:00:00+02:00,2.3900001,-1.3099999
547,2017-05-20T04:30:00+02:00,6.68,581.52
548,2017-04-26T12:20:00+02:00,5.6199999,233.96001
549,2017-05-20T04:50:00+02:00,6.4,468.74
550,2017-04-26T13:10:00+02:00,0.11,-0.34999999
551,2017-05-20T06:40:00+02:00,5.03,165.69
552,2017-03-22T15:20:00+01:00,4.5700002,85.230003
553,2017-05-20T06:50:00+02:00,5.97,335.7
554,2017-04-26T23:10:00+02:00,0.51999998,-0.11
555,2017-05-20T07:30:00+02:00,4.36,60.85
556,2017-04-26T17:00:00+02:00,5.3899999,190.33
557,2017-05-20T08:30:00+02:00,5.67,112.7
558,2017-04-28T17:10:00+02:00,4.8200002,112.33
559,2017-05-20T10:00:00+02:00,5.11,93.55
560,2017-03-24T06:50:00+01:00,5.9200001,277.03
561,2017-05-20T11:00:00+02:00,2.54,0.0
562,2017-05-12T07:00:00+02:00,5.1300001,160.17999
563,2017-05-20T11:10:00+02:00,2.7,0.0
564,2017-05-01T15:10:00+02:00,5.5900002,262.38
565,2017-05-20T11:20:00+02:00,1.92,0.0
566,2017-05-12T22:00:00+02:00,7.3200002,637.23999
567,2017-05-20T12:20:00+02:00,2.43,0.0
568,2017-05-04T17:40:00+02:00,2.3599999,-0.99000001
569,2017-05-20T13:50:00+02:00,3.63,5.96
570,2017-05-13T03:30:00+02:00,5.4099998,190.16
571,2017-05-20T14:20:00+02:00,2.19,0.0
572,2017-05-05T23:10:00+02:00,5.2800002,186.03
573,2017-05-20T14:30:00+02:00,3.5700000000000003,3.97
574,2017-05-13T07:50:00+02:00,4.2199998,49.200001
575,2017-05-20T15:20:00+02:00,2.33,0.0
576,2017-05-06T02:50:00+02:00,5.1399999,160.99001
577,2017-05-20T16:30:00+02:00,0.38,0.0
578,2017-05-13T12:40:00+02:00,3.6300001,5.4499998
579,2017-05-20T18:50:00+02:00,0.0,0.0
580,2017-05-06T17:50:00+02:00,4.8299999,112.0
581,2017-05-20T19:00:00+02:00,0.0,0.0
582,2017-05-13T14:40:00+02:00,6.75,535.59998
583,2017-05-20T19:50:00+02:00,2.8,0.0
584,2017-05-13T19:00:00+02:00,6.1799998,315.42999
585,2017-05-20T22:40:00+02:00,3.29,2.42
586,2017-05-13T21:30:00+02:00,4.8299999,116.8
587,2017-05-21T01:40:00+02:00,0.13,0.0
588,2017-05-13T23:40:00+02:00,5.9299998,317.54001
589,2017-05-21T03:50:00+02:00,3.35,0.0
590,2017-05-08T16:40:00+02:00,1.54,-3.01
591,2017-05-21T05:00:00+02:00,3.89,44.65
592,2017-05-14T04:30:00+02:00,7.800000199999999,853.27002
593,2017-05-21T05:10:00+02:00,3.66,21.08
594,2017-05-10T00:10:00+02:00,5.6799998,261.20001
595,2017-05-21T05:20:00+02:00,4.0,30.34
596,2017-05-14T22:00:00+02:00,4.0999999,44.299999
597,2017-05-21T05:50:00+02:00,4.85,70.35
598,2017-05-10T03:40:00+02:00,5.75,280.79999
599,2017-05-21T08:20:00+02:00,6.13,276.94
600,2017-01-01T01:50:00+01:00,4.7199998,92.489998
601,2017-05-21T09:10:00+02:00,5.18,166.97
602,2017-05-10T18:50:00+02:00,5.1999998,124.43
603,2017-05-21T11:20:00+02:00,4.16,28.59
604,2017-01-01T01:40:00+01:00,5.0300002,112.94
605,2017-05-21T13:00:00+02:00,4.51,17.77
606,2017-05-11T01:20:00+02:00,7.5,707.19
607,2017-05-21T13:40:00+02:00,3.39,44.78
608,2017-01-01T06:50:00+01:00,2.6500001,-1.9
609,2017-05-21T14:00:00+02:00,5.77,189.28
610,2017-05-11T22:40:00+02:00,6.79,546.78003
611,2017-05-21T15:30:00+02:00,5.66,177.2
612,2017-05-12T03:40:00+02:00,6.4299998,451.88
613,2017-05-21T16:20:00+02:00,4.47,27.66
614,2017-01-01T03:10:00+01:00,3.8099999,23.42
615,2017-05-21T18:00:00+02:00,4.71,69.12
616,2017-01-01T09:20:00+01:00,4.5100002,72.239998
617,2017-05-21T20:30:00+02:00,5.8,300.13
618,2017-05-12T12:50:00+02:00,5.6599998,-0.31
619,2017-05-21T21:40:00+02:00,6.03,374.05
620,2017-01-01T10:00:00+01:00,4.77,91.449997
621,2017-05-21T22:40:00+02:00,5.93,322.18
622,2017-05-12T20:20:00+02:00,6.5700002,439.57001
623,2017-05-21T23:30:00+02:00,5.18,175.32
624,2017-01-01T11:20:00+01:00,4.73,129.81
625,2017-05-22T01:10:00+02:00,5.76,262.06
626,2017-05-12T21:20:00+02:00,6.6700001,448.51999
627,2017-05-22T02:20:00+02:00,6.11,295.8
628,2017-01-01T16:10:00+01:00,4.9400001,239.28
629,2017-05-22T03:10:00+02:00,5.51,235.68
630,2017-05-13T06:50:00+02:00,4.5999999,60.700001
631,2017-05-22T08:00:00+02:00,3.72,18.13
632,2017-01-01T13:00:00+01:00,4.6399999,183.52
633,2017-05-22T08:10:00+02:00,3.56,4.41
634,2017-01-01T08:40:00+01:00,4.9200001,152.78
635,2017-05-22T08:20:00+02:00,3.8,0.0
636,2017-01-01T04:40:00+01:00,3.96,35.709999
637,2017-05-22T09:30:00+02:00,4.47,70.43
638,2017-01-01T05:40:00+01:00,4.6700001,65.110001
639,2017-05-22T11:10:00+02:00,3.93,15.2
640,2017-01-01T20:20:00+01:00,3.8,55.139999
641,2017-05-22T12:10:00+02:00,2.98,29.55
642,2017-01-01T21:40:00+01:00,2.8399999,33.450001
643,2017-05-22T13:00:00+02:00,1.82,0.0
644,2017-03-15T15:20:00+01:00,4.6599998,82.980003
645,2017-01-01T09:10:00+01:00,5.3200002,253.41
646,2017-05-22T13:40:00+02:00,2.88,0.0
647,2017-10-19T07:00:00+02:00,6.31,357.81
648,2017-01-01T15:50:00+01:00,5.1700001,303.67001
649,2017-05-22T15:00:00+02:00,0.47,0.0
650,2017-10-19T07:20:00+02:00,7.33,607.08
651,2017-01-01T12:00:00+01:00,6.0700002,546.62
652,2017-05-22T17:20:00+02:00,3.55,1.86
653,2017-03-16T17:20:00+01:00,2.25,-1.04
654,2017-01-01T18:50:00+01:00,4.71,139.07001
655,2017-05-22T18:00:00+02:00,1.41,0.0
656,2017-02-03T18:20:00+01:00,10.62,1531.22
657,2017-01-02T03:30:00+01:00,1.39,-1.28
658,2017-05-22T18:10:00+02:00,0.09,0.0
659,2017-10-19T09:30:00+02:00,5.11,119.03
660,2017-03-27T06:10:00+02:00,4.6100001,90.660004
661,2017-05-22T19:20:00+02:00,2.24,0.0
662,2017-10-19T10:10:00+02:00,5.76,222.48
663,2017-01-02T05:20:00+01:00,1.09,-0.50999999
664,2017-05-22T19:40:00+02:00,2.69,0.0
665,2017-03-13T05:50:00+01:00,5.9699998,326.92001
666,2017-03-29T10:00:00+02:00,4.9899998,122.7
667,2017-05-22T21:10:00+02:00,3.72,18.37
668,2017-01-02T20:40:00+01:00,1.08,-1.1799999
669,2017-01-02T20:00:00+01:00,0.75,-0.73000002
670,2017-05-22T23:20:00+02:00,4.7,61.82
671,2017-10-19T11:20:00+02:00,5.84,232.64
672,2017-01-02T13:30:00+01:00,0.63,-0.34
673,2017-05-23T00:00:00+02:00,4.4,56.84
674,2017-03-14T03:30:00+01:00,4.8499999,113.03
675,2017-03-30T08:50:00+02:00,4.5300002,82.400002
676,2017-05-23T02:40:00+02:00,6.07,336.6
677,2017-10-19T11:30:00+02:00,5.5600000000000005,210.82
678,2017-01-02T21:10:00+01:00,0.34,-1.13
679,2017-05-23T02:50:00+02:00,6.51,390.51
680,2017-10-19T15:10:00+02:00,5.69,205.03
681,2017-01-02T22:10:00+01:00,0.50999999,-1.29
682,2017-05-23T03:20:00+02:00,6.6,411.38
683,2017-02-03T08:10:00+01:00,6.5599999,473.03
684,2017-04-02T20:40:00+02:00,7.5300002,782.76001
685,2017-05-23T05:20:00+02:00,5.5600000000000005,261.14
686,2017-10-19T17:00:00+02:00,5.77,339.15
687,2017-01-04T01:10:00+01:00,1.22,-4.9400001
688,2017-05-23T10:20:00+02:00,4.95,89.57
689,2017-02-05T05:10:00+01:00,5.0999999,111.86
690,2017-04-02T21:50:00+02:00,6.8600001,593.63
691,2017-05-23T10:50:00+02:00,4.66,70.43
692,2017-10-19T19:20:00+02:00,5.93,281.24
693,2017-01-02T13:00:00+01:00,2.24,-0.20999999
694,2017-05-23T12:20:00+02:00,5.83,207.16
695,2017-02-03T23:20:00+01:00,9.1000004,1227.23
696,2017-01-02T17:20:00+01:00,0.72000003,-0.79000002
697,2017-05-23T13:40:00+02:00,7.28,525.95
698,2017-10-20T01:00:00+02:00,6.74,432.73
699,2017-04-03T04:40:00+02:00,5.3899999,204.78
700,2017-05-23T15:20:00+02:00,6.92,523.3
701,2017-02-04T09:00:00+01:00,10.44,1367.4399
702,2017-01-02T23:40:00+01:00,0.0,-1.12
703,2017-05-23T18:10:00+02:00,6.79,484.05
704,2017-10-20T10:40:00+02:00,6.92,585.5
705,2017-04-04T20:40:00+02:00,4.6199999,90.449997
706,2017-05-22T08:00:00+02:00,2.9,0.0
707,2017-02-01T01:00:00+01:00,1.52,-0.11
708,2017-01-03T06:00:00+01:00,0.090000004,-5.6399999
709,2017-05-22T09:10:00+02:00,5.08,146.39
710,2017-03-21T14:30:00+01:00,5.48,203.28999
711,2017-01-03T00:50:00+01:00,0.079999998,-1.5
712,2017-05-22T09:40:00+02:00,5.13,120.53
713,2017-10-20T12:40:00+02:00,7.47,745.32
714,2017-04-06T07:10:00+02:00,7.7800002,919.90002
715,2017-05-22T10:30:00+02:00,5.38,120.96
716,2017-10-20T13:00:00+02:00,6.41,358.61
717,2017-01-02T10:00:00+01:00,1.14,-0.19
718,2017-05-22T11:10:00+02:00,4.33,34.41
719,2017-03-22T21:30:00+01:00,4.4499998,98.019997
720,2017-01-03T17:40:00+01:00,1.04,-4.4899998
721,2017-05-22T11:30:00+02:00,3.18,0.0
722,2017-10-20T17:00:00+02:00,6.22,457.74
723,2017-04-07T05:00:00+02:00,4.8899999,113.74
724,2017-05-22T15:20:00+02:00,1.53,0.0
725,2017-01-29T20:30:00+01:00,5.9899998,341.14999
726,2017-04-07T17:10:00+02:00,2.6199999,-3.5599999
727,2017-05-22T17:20:00+02:00,2.23,0.0
728,2017-10-21T00:30:00+02:00,8.34,0.0
729,2017-01-03T02:20:00+01:00,0.16,-4.8400002
730,2017-05-22T19:00:00+02:00,2.14,0.0
731,2017-02-26T05:20:00+01:00,6.3000002,411.48999
732,2017-04-08T00:50:00+02:00,3.3800001,18.17
733,2017-05-22T20:20:00+02:00,2.93,0.0
734,2017-02-05T03:00:00+01:00,5.1999998,156.38
735,2017-04-09T07:30:00+02:00,3.73,11.33
736,2017-05-22T21:00:00+02:00,3.09,0.0
737,2017-10-21T05:20:00+02:00,8.57,0.0
738,2017-04-09T10:20:00+02:00,2.01,-1.0700001
739,2017-05-22T21:40:00+02:00,4.94,104.21
740,2017-10-21T05:30:00+02:00,8.85,0.0
741,2017-01-03T11:10:00+01:00,0.92000002,-0.66000003
742,2017-05-22T22:20:00+02:00,3.83,26.07
743,2017-02-05T22:20:00+01:00,4.3800001,65.379997
744,2017-04-11T14:10:00+02:00,2.04,-1.9400001
745,2017-05-22T22:40:00+02:00,4.21,46.76
746,2017-03-14T08:30:00+01:00,1.63,-0.89999998
747,2017-04-11T21:50:00+02:00,0.0,-0.18000001
748,2017-05-22T23:50:00+02:00,4.31,31.38
749,2017-10-22T00:40:00+02:00,8.84,998.11
750,2017-01-04T21:00:00+01:00,0.0,-4.9299998
751,2017-05-23T00:20:00+02:00,4.35,45.92
752,2017-02-07T11:00:00+01:00,4.5100002,86.199997
753,2017-04-12T21:10:00+02:00,8.6000004,1068.42
754,2017-05-23T01:00:00+02:00,4.43,49.32
755,2017-03-27T21:20:00+02:00,5.7600002,283.67999
756,2017-01-03T23:30:00+01:00,1.17,-4.8299999
757,2017-05-23T07:10:00+02:00,3.98,32.93
758,2017-02-01T11:20:00+01:00,4.3800001,58.43
759,2017-04-13T09:40:00+02:00,4.5700002,73.269997
760,2017-05-23T07:20:00+02:00,3.96,38.05
761,2017-10-22T09:30:00+02:00,9.01,1053.18
762,2017-04-13T19:30:00+02:00,4.3800001,56.650002
763,2017-05-23T08:50:00+02:00,4.58,58.5
764,2017-03-10T07:40:00+01:00,2.1700001,-0.38999999
765,2017-01-04T04:40:00+01:00,1.8,-4.9299998
766,2017-05-23T09:30:00+02:00,5.65,179.75
767,2017-03-02T09:10:00+01:00,10.31,1475.36
768,2017-04-14T02:00:00+02:00,0.73000002,-0.1
769,2017-05-23T10:20:00+02:00,4.02,21.11
770,2017-03-02T21:30:00+01:00,2.8099999,8.5500002
771,2017-01-04T13:30:00+01:00,2.0,-5.1199999
772,2017-05-23T11:00:00+02:00,5.62,184.83
773,2017-01-16T22:20:00+01:00,7.25,722.37
774,2017-04-14T19:20:00+02:00,4.4699998,73.760002
775,2017-05-23T11:50:00+02:00,4.78,70.4
776,2017-10-25T06:10:00+02:00,2.78,11.18
777,2017-04-16T04:20:00+02:00,5.8099999,259.89001
778,2017-05-23T12:20:00+02:00,6.71,399.45
779,2017-02-22T04:10:00+01:00,7.5900002,761.90997
780,2017-04-16T05:10:00+02:00,5.21,155.49001
781,2017-05-23T12:30:00+02:00,6.39,345.9
782,2017-01-21T00:00:00+01:00,5.6700001,281.54001
783,2017-04-16T18:30:00+02:00,4.8099999,66.93
784,2017-05-23T13:00:00+02:00,6.98,504.5
785,2017-10-25T08:10:00+02:00,5.3,200.02
786,2017-04-15T15:30:00+02:00,6.3200002,419.78
787,2017-05-23T13:30:00+02:00,7.04,505.45
788,2017-02-22T13:00:00+01:00,10.89,1569.87
789,2017-04-16T18:40:00+02:00,4.8400002,114.4
790,2017-05-23T14:20:00+02:00,6.96,369.75
791,2017-10-25T10:40:00+02:00,4.59,47.58
792,2017-04-15T21:30:00+02:00,5.5900002,261.07001
793,2017-05-23T15:10:00+02:00,7.21,549.17
794,2017-02-22T20:50:00+01:00,9.5600004,1394.13
795,2017-04-17T01:10:00+02:00,6.3400002,379.91
796,2017-05-23T16:30:00+02:00,5.37,152.97
797,2017-10-25T13:00:00+02:00,2.11,0.0
798,2017-04-16T05:00:00+02:00,5.3400002,221.07001
799,2017-05-23T17:10:00+02:00,6.19,272.62
800,2017-01-13T17:50:00+01:00,6.7800002,617.95001
801,2017-04-19T14:20:00+02:00,7.3699999,706.57001
802,2017-05-23T17:50:00+02:00,7.71,756.98
803,2017-02-26T12:10:00+01:00,8.8000002,1039.7
804,2017-04-21T09:10:00+02:00,1.84,-0.93000001
805,2017-05-23T19:00:00+02:00,6.8100000000000005,506.08
806,2017-01-17T14:30:00+01:00,8.0600004,933.69
807,2017-04-17T03:50:00+02:00,6.2399998,467.01001
808,2017-05-23T19:10:00+02:00,6.72,483.8
809,2017-10-25T17:20:00+02:00,4.35,65.25
810,2017-04-17T17:00:00+02:00,5.3000002,153.02
811,2017-05-23T19:20:00+02:00,6.46,431.8
812,2017-10-25T18:50:00+02:00,3.49,12.12
813,2017-04-18T06:50:00+02:00,5.6199999,235.7
814,2017-05-23T20:40:00+02:00,5.91,281.72
815,2017-10-25T21:40:00+02:00,0.0,0.0
816,2017-04-18T09:20:00+02:00,4.46,66.730003
817,2017-05-23T23:20:00+02:00,6.55,374.37
818,2017-03-04T12:50:00+01:00,11.43,1485.1801
819,2017-04-19T11:00:00+02:00,5.6999998,241.83
820,2017-05-24T00:10:00+02:00,5.04,157.71
821,2017-10-25T22:20:00+02:00,2.2,0.0
822,2017-04-19T11:40:00+02:00,7.0900002,622.32001
823,2017-05-24T01:10:00+02:00,5.02,127.52
824,2017-01-25T13:00:00+01:00,5.6500001,460.32999
825,2017-04-19T18:00:00+02:00,5.1599998,206.55
826,2017-05-24T01:20:00+02:00,4.48,75.48
827,2017-10-25T23:20:00+02:00,2.93,0.0
828,2017-04-19T22:00:00+02:00,6.79,589.28003
829,2017-05-24T02:10:00+02:00,4.18,74.44
830,2017-03-05T03:30:00+01:00,6.9499998,534.88
831,2017-04-20T11:30:00+02:00,5.8600001,218.00999
832,2017-05-24T02:30:00+02:00,4.28,52.98
833,2017-03-05T05:10:00+01:00,8.6800003,1139.47
834,2017-04-21T00:20:00+02:00,1.8099999,-1.35
835,2017-05-24T03:50:00+02:00,1.96,0.0
836,2017-02-23T17:50:00+01:00,12.54,1918.36
837,2017-04-21T12:00:00+02:00,0.44999999,-1.0700001
838,2017-05-24T05:50:00+02:00,0.0,0.0
839,2017-02-24T07:40:00+01:00,6.7399998,530.65997
840,2017-04-22T02:50:00+02:00,2.74,-1.24
841,2017-05-24T06:20:00+02:00,0.15,0.0
842,2017-11-02T11:20:00+01:00,6.96,561.32
843,2017-04-22T20:00:00+02:00,2.7,-1.36
844,2017-05-24T06:50:00+02:00,1.05,0.0
845,2017-01-21T14:20:00+01:00,0.0,-0.17
846,2017-04-23T02:10:00+02:00,6.1799998,391.63
847,2017-05-24T07:20:00+02:00,1.01,0.0
848,2017-01-21T17:10:00+01:00,3.97,50.41
849,2017-04-23T12:00:00+02:00,4.0,21.190001
850,2017-05-24T10:10:00+02:00,1.88,0.0
851,2017-11-02T16:00:00+01:00,4.92,71.62
852,2017-04-25T05:00:00+02:00,6.3800001,341.20001
853,2017-05-24T15:00:00+02:00,3.94,4.42
854,2017-01-20T01:30:00+01:00,6.0999999,442.84
855,2017-04-26T03:40:00+02:00,2.9200001,-3.26
856,2017-05-24T15:30:00+02:00,4.87,80.68
857,2017-01-22T15:30:00+01:00,3.79,33.599998
858,2017-04-26T05:10:00+02:00,4.0500002,43.5
859,2017-05-24T15:50:00+02:00,5.36,120.29
860,2017-03-12T05:20:00+01:00,4.6799998,133.39
861,2017-04-26T20:30:00+02:00,2.27,-2.3699999
862,2017-05-24T16:00:00+02:00,4.34,42.44
863,2017-11-02T18:20:00+01:00,2.8200000000000003,6.5600000000000005
864,2017-04-27T00:50:00+02:00,3.21,-3.72
865,2017-05-24T18:50:00+02:00,5.17,131.35
866,2017-11-02T18:30:00+01:00,2.03,0.0
867,2017-05-13T15:30:00+02:00,4.6199999,63.080002
868,2017-05-24T20:40:00+02:00,3.59,18.91
869,2017-03-12T22:20:00+01:00,4.8600001,131.7
870,2017-05-14T04:50:00+02:00,7.8899999,878.94
871,2017-05-24T21:20:00+02:00,5.34,232.14
872,2017-11-02T19:40:00+01:00,1.5,0.0
873,2017-04-27T17:50:00+02:00,2.3,-0.50999999
874,2017-05-24T21:40:00+02:00,5.62,255.93
875,2017-02-27T21:10:00+01:00,8.5699997,952.53998
876,2017-04-27T19:50:00+02:00,5.7600002,259.94
877,2017-05-24T22:20:00+02:00,6.96,517.84
878,2017-03-11T19:40:00+01:00,5.4000001,166.85001
879,2017-04-21T18:40:00+02:00,5.3600001,170.33
880,2017-05-25T00:20:00+02:00,4.74,86.81
881,2017-03-04T02:50:00+01:00,6.1900001,400.51001
882,2017-04-28T16:50:00+02:00,4.5500002,79.080002
883,2017-05-25T01:50:00+02:00,5.9,278.98
884,2017-11-03T01:00:00+01:00,0.63,0.0
885,2017-04-28T19:20:00+02:00,5.5100002,224.24001
886,2017-05-25T02:30:00+02:00,5.75,249.75
887,2017-01-23T14:10:00+01:00,4.2199998,65.519997
888,2017-04-28T21:20:00+02:00,6.1999998,268.73001
889,2017-05-25T03:00:00+02:00,6.52,455.87
890,2017-01-16T18:10:00+01:00,5.1599998,212.35001
891,2017-04-21T21:10:00+02:00,4.96,121.55
892,2017-05-25T04:40:00+02:00,6.32,403.82
893,2017-01-19T18:40:00+01:00,6.6199999,545.63
894,2017-04-29T09:40:00+02:00,1.29,-1.33
895,2017-05-25T04:50:00+02:00,6.34,410.18
896,2017-02-28T20:30:00+01:00,11.22,1668.64
897,2017-05-14T21:00:00+02:00,4.6999998,104.86
898,2017-05-25T05:00:00+02:00,6.2,384.98
899,2017-11-03T08:00:00+01:00,2.67,0.0
900,2017-04-30T09:00:00+02:00,7.4200001,734.40997
901,2017-05-25T05:10:00+02:00,5.93,331.44
902,2017-03-02T06:30:00+01:00,9.1000004,1081.62
903,2017-04-30T10:10:00+02:00,8.1199999,736.65002
904,2017-05-25T05:30:00+02:00,5.5600000000000005,269.15
905,2017-11-03T22:30:00+01:00,6.12,382.21
906,2017-04-22T13:00:00+02:00,5.6999998,272.48001
907,2017-05-25T09:40:00+02:00,5.54,171.44
908,2017-11-03T22:40:00+01:00,6.2,392.7
909,2017-02-26T20:50:00+01:00,6.4899998,470.64999
910,2017-05-31T02:10:00+02:00,6.05,277.62
911,2017-01-20T19:00:00+01:00,4.3099999,69.839996
912,2017-05-03T04:50:00+02:00,0.0,-1.0599999
913,2017-05-31T05:00:00+02:00,6.11,257.34
914,2017-02-13T15:50:00+01:00,7.7399998,822.83002
915,2017-04-03T18:20:00+02:00,4.9200001,94.160004
916,2017-05-31T05:20:00+02:00,5.15,122.91
917,2017-02-14T03:30:00+01:00,4.4200001,69.769997
918,2017-05-03T10:40:00+02:00,5.52,258.31
919,2017-05-31T06:50:00+02:00,1.75,0.0
920,2017-02-14T04:20:00+01:00,5.2199998,120.46
921,2017-05-04T06:20:00+02:00,0.0,-0.87
922,2017-05-31T07:40:00+02:00,0.53,0.0
923,2017-01-29T23:00:00+01:00,6.02,372.91
924,2017-04-03T21:20:00+02:00,9.79,1372.1
925,2017-05-31T10:40:00+02:00,1.18,0.0
926,2017-11-05T01:30:00+01:00,6.41,414.72
927,2017-05-05T03:40:00+02:00,2.8399999,-1.92
928,2017-05-31T14:30:00+02:00,3.14,0.0
929,2017-11-05T02:00:00+01:00,5.79,319.7
930,2017-05-05T14:00:00+02:00,5.3600001,158.99001
931,2017-05-31T15:50:00+02:00,4.78,91.06
932,2017-11-05T08:20:00+01:00,7.15,588.01
933,2017-05-06T03:30:00+02:00,5.8899999,208.86
934,2017-05-31T21:00:00+02:00,5.69,199.81
935,2017-02-16T07:20:00+01:00,4.6700001,106.23
936,2017-05-14T03:40:00+02:00,5.52,218.64
937,2017-05-31T22:20:00+02:00,6.16,196.49
938,2017-02-16T22:10:00+01:00,4.79,89.139999
939,2017-05-07T16:50:00+02:00,6.2800002,375.79999
940,2017-05-31T23:30:00+02:00,6.09,264.89
941,2017-01-24T01:30:00+01:00,4.7399998,132.45
942,2017-05-08T03:50:00+02:00,4.6599998,99.150002
943,2017-06-01T00:40:00+02:00,5.9,284.4
944,2017-11-05T20:50:00+01:00,6.21,382.43
945,2017-05-14T04:50:00+02:00,8.2799997,871.59998
946,2017-06-01T04:10:00+02:00,5.08,78.21
947,2017-01-24T02:00:00+01:00,4.1300001,62.869999
948,2017-05-08T11:20:00+02:00,5.5100002,237.10001
949,2017-06-01T04:20:00+02:00,5.27,105.94
950,2017-11-05T21:20:00+01:00,6.04,337.24
951,2017-04-04T06:40:00+02:00,5.1799998,159.88
952,2017-06-01T05:10:00+02:00,4.84,91.03
953,2017-01-18T04:40:00+01:00,13.07,2047.29
954,2017-05-08T23:00:00+02:00,4.1900001,65.169998
955,2017-06-01T12:40:00+02:00,2.49,0.0
956,2017-11-05T22:10:00+01:00,6.32,452.89
957,2017-05-09T04:00:00+02:00,4.6700001,129.94
958,2017-06-01T12:50:00+02:00,2.39,0.0
959,2017-01-25T00:00:00+01:00,5.8899999,541.40002
960,2017-05-09T06:20:00+02:00,4.4699998,82.940002
961,2017-06-01T17:40:00+02:00,0.0,0.0
962,2017-02-17T19:30:00+01:00,2.2,-0.99000001
963,2017-05-09T09:30:00+02:00,4.0700002,-1.4400001
964,2017-06-01T18:40:00+02:00,0.0,0.0
965,2017-02-17T21:40:00+01:00,4.7199998,120.47
966,2017-04-07T05:00:00+02:00,4.6799998,114.01
967,2017-06-01T19:10:00+02:00,0.0,0.0
968,2017-02-14T17:20:00+01:00,1.76,-0.98000002
969,2017-04-25T20:10:00+02:00,1.51,-1.96
970,2017-06-01T21:00:00+02:00,3.4,7.53
971,2017-11-06T09:50:00+01:00,5.01,139.86
972,2017-04-26T02:00:00+02:00,1.96,-2.9200001
973,2017-06-01T22:30:00+02:00,4.31,47.41
974,2017-01-18T18:00:00+01:00,12.23,2025.87
975,2017-04-07T17:20:00+02:00,3.74,13.94
976,2017-06-01T23:40:00+02:00,4.73,77.45
977,2017-11-06T11:50:00+01:00,5.19,142.29
978,2017-04-26T14:30:00+02:00,4.9299998,138.39999
979,2017-06-02T00:30:00+02:00,3.93,12.72
980,2017-02-15T03:20:00+01:00,6.3699999,236.02
981,2017-04-27T04:30:00+02:00,2.75,-3.9200001
982,2017-06-02T01:20:00+02:00,2.63,0.0
983,2017-11-06T15:10:00+01:00,5.02,139.83
984,2017-04-27T05:00:00+02:00,2.9100001,-3.4400001
985,2017-06-02T01:30:00+02:00,2.76,0.0
986,2017-01-29T20:20:00+01:00,5.79,303.19
987,2017-04-27T10:00:00+02:00,6.5500002,429.26999
988,2017-06-02T01:50:00+02:00,3.33,0.0
989,2017-11-06T16:40:00+01:00,6.62,485.96
990,2017-04-28T13:30:00+02:00,5.5100002,231.64999
991,2017-06-02T02:00:00+02:00,4.12,33.09
992,2017-01-31T23:30:00+01:00,2.3,-0.17
993,2017-04-29T06:50:00+02:00,1.39,-1.24
994,2017-06-02T04:00:00+02:00,2.68,3.37
995,2017-11-06T17:50:00+01:00,7.21,743.57
996,2017-04-29T10:00:00+02:00,0.17,-0.81999999
997,2017-06-02T07:50:00+02:00,3.18,0.0
998,2017-11-06T19:20:00+01:00,8.11,940.43
999,2017-04-10T19:20:00+02:00,5.0500002,165.5
